{
  "results": [
    {
      "command": "TS7 (checkers=8)",
      "mean": 0.8796326100000001,
      "stddev": 0.011624116777784547,
      "median": 0.8776422392000001,
      "user": 2.34720172,
      "system": 0.09148482,
      "min": 0.8571838347,
      "max": 0.9012324047000001,
      "times": [
        0.8837678097000001,
        0.8786739847000001,
        0.8765003937000001,
        0.8854477757000001,
        0.8766104937000001,
        0.8733746177000001,
        0.9012324047000001,
        0.8571838347,
        0.8897212017000001,
        0.8738135837000001
      ],
      "exit_codes": [
        0,
        0,
        0,
        0,
        0,
        0,
        0,
        0,
        0,
        0
      ]
    }
  ]
}
