{
  "results": [
    {
      "command": "TS7 (checkers=4)",
      "mean": 0.8705232524200002,
      "stddev": 0.020017161847659774,
      "median": 0.87428311942,
      "user": 2.3126411999999994,
      "system": 0.09506649999999998,
      "min": 0.8437186639200001,
      "max": 0.91050295892,
      "times": [
        0.84489458992,
        0.85221448792,
        0.86669308692,
        0.88190677392,
        0.87809359892,
        0.8437186639200001,
        0.87864212492,
        0.8734100059200001,
        0.91050295892,
        0.87515623292
      ],
      "exit_codes": [
        0,
        0,
        0,
        0,
        0,
        0,
        0,
        0,
        0,
        0
      ]
    }
  ]
}
