{
  "results": [
    {
      "command": "TS6",
      "mean": 2.2653436035,
      "stddev": 0.038678806482482744,
      "median": 2.2599562429,
      "user": 4.83370036,
      "system": 0.3453071,
      "min": 2.2020760324,
      "max": 2.3321209374,
      "times": [
        2.2948588264,
        2.3321209374,
        2.2318744144,
        2.3102306114,
        2.2574708754,
        2.2524671684,
        2.2384565094,
        2.2714390494,
        2.2020760324,
        2.2624416104
      ],
      "exit_codes": [
        0,
        0,
        0,
        0,
        0,
        0,
        0,
        0,
        0,
        0
      ]
    }
  ]
}
