{
  "results": [
    {
      "command": "TS6",
      "mean": 3.1622231595199994,
      "stddev": 0.018780091704327984,
      "median": 3.15747793162,
      "user": 6.220262619999999,
      "system": 0.45743786000000003,
      "min": 3.13789572562,
      "max": 3.19246889062,
      "times": [
        3.14818470362,
        3.19246889062,
        3.14747625362,
        3.14418979462,
        3.18267531162,
        3.13789572562,
        3.15989738162,
        3.17871737562,
        3.17566767662,
        3.1550584816200002
      ],
      "exit_codes": [
        0,
        0,
        0,
        0,
        0,
        0,
        0,
        0,
        0,
        0
      ]
    }
  ]
}
