{
  "results": [
    {
      "command": "TS7 (checkers=4)",
      "mean": 0.8131957747600002,
      "stddev": 0.017466445252674084,
      "median": 0.80500472056,
      "user": 2.17040928,
      "system": 0.0880764,
      "min": 0.7961620990600001,
      "max": 0.84060931806,
      "times": [
        0.82306652306,
        0.80494806106,
        0.8360397780600001,
        0.84060931806,
        0.80506138006,
        0.7976348700600001,
        0.7975553240600001,
        0.8305022070600001,
        0.7961620990600001,
        0.8003781870600001
      ],
      "exit_codes": [
        0,
        0,
        0,
        0,
        0,
        0,
        0,
        0,
        0,
        0
      ]
    }
  ]
}
