{
  "results": [
    {
      "command": "TS7 (checkers=4)",
      "mean": 0.6443040270400002,
      "stddev": 0.008896532401207162,
      "median": 0.6473916933400001,
      "user": 1.63844492,
      "system": 0.11740334,
      "min": 0.6293105828400001,
      "max": 0.6548468008400001,
      "times": [
        0.64586879484,
        0.6519738988400001,
        0.6548468008400001,
        0.6293105828400001,
        0.6321584988400001,
        0.6479533918400001,
        0.6510104848400001,
        0.6468299948400001,
        0.6349227168400001,
        0.6481651058400001
      ],
      "exit_codes": [
        0,
        0,
        0,
        0,
        0,
        0,
        0,
        0,
        0,
        0
      ]
    }
  ]
}
