{
  "results": [
    {
      "command": "TS7 (checkers=8)",
      "mean": 0.6688828779600001,
      "stddev": 0.012601233359590205,
      "median": 0.6731426863600001,
      "user": 1.6719216799999999,
      "system": 0.13148115999999999,
      "min": 0.6461545353600001,
      "max": 0.6832432353600001,
      "times": [
        0.6788634583600001,
        0.66099449736,
        0.6677153893600001,
        0.6503776833600001,
        0.6756201303600001,
        0.6832432353600001,
        0.67793545836,
        0.6772591493600001,
        0.67066524236,
        0.6461545353600001
      ],
      "exit_codes": [
        0,
        0,
        0,
        0,
        0,
        0,
        0,
        0,
        0,
        0
      ]
    }
  ]
}
