{
  "results": [
    {
      "command": "TS7 (checkers=1)",
      "mean": 0.66645158924,
      "stddev": 0.021696621508168357,
      "median": 0.65960332704,
      "user": 1.00771564,
      "system": 0.10591603999999999,
      "min": 0.6533536385400001,
      "max": 0.72409576454,
      "times": [
        0.65347268154,
        0.66027388954,
        0.6627592225400001,
        0.6533536385400001,
        0.65893276454,
        0.66147880554,
        0.65601176354,
        0.6799337645400001,
        0.72409576454,
        0.65420359754
      ],
      "memory_usage_byte": [
        375865344,
        375865344,
        376307712,
        376373248,
        376963072,
        376963072,
        376963072,
        376963072,
        376963072,
        376963072
      ],
      "exit_codes": [
        0,
        0,
        0,
        0,
        0,
        0,
        0,
        0,
        0,
        0
      ]
    }
  ]
}
