{
  "results": [
    {
      "command": "TS6",
      "mean": 1.47611979762,
      "stddev": 0.0219975597357926,
      "median": 1.4808426641199999,
      "user": 3.0297560999999997,
      "system": 0.19878586,
      "min": 1.44904306062,
      "max": 1.51877518562,
      "times": [
        1.45669081062,
        1.49184214262,
        1.48047105962,
        1.48457326862,
        1.4574310186200001,
        1.51877518562,
        1.44904306062,
        1.48121426862,
        1.48861597662,
        1.45254118462
      ],
      "memory_usage_byte": [
        677117952,
        677117952,
        677117952,
        677117952,
        677117952,
        677117952,
        677117952,
        677117952,
        677117952,
        677117952
      ],
      "exit_codes": [
        0,
        0,
        0,
        0,
        0,
        0,
        0,
        0,
        0,
        0
      ]
    },
    {
      "command": "TS7 (checkers=1)",
      "mean": 0.75405349772,
      "stddev": 0.014009957668385193,
      "median": 0.75001241462,
      "user": 1.0821200000000002,
      "system": 0.11925106,
      "min": 0.7413040186200001,
      "max": 0.79115906062,
      "times": [
        0.75595372662,
        0.7413040186200001,
        0.75408076762,
        0.74930814362,
        0.74357914362,
        0.79115906062,
        0.75780006062,
        0.74870593462,
        0.74792743562,
        0.75071668562
      ],
      "memory_usage_byte": [
        677117952,
        677117952,
        677117952,
        677117952,
        677117952,
        677117952,
        677117952,
        677117952,
        677117952,
        677117952
      ],
      "exit_codes": [
        0,
        0,
        0,
        0,
        0,
        0,
        0,
        0,
        0,
        0
      ]
    }
  ]
}
