{
  "results": [
    {
      "command": "TS7 (checkers=4)",
      "mean": 0.4239827185799999,
      "stddev": 0.0070917534017046575,
      "median": 0.42425216458000004,
      "user": 1.0618514199999998,
      "system": 0.11129254,
      "min": 0.41363468508,
      "max": 0.43332331008,
      "times": [
        0.42889410208000006,
        0.43253151908000004,
        0.42797176908,
        0.41363468508,
        0.43332331008,
        0.42891518508000004,
        0.42053256008000006,
        0.41731347708000005,
        0.41759881008000005,
        0.41911176808000006
      ],
      "memory_usage_byte": [
        389201920,
        389234688,
        389234688,
        389234688,
        389234688,
        391036928,
        391036928,
        391036928,
        391036928,
        391036928
      ],
      "exit_codes": [
        0,
        0,
        0,
        0,
        0,
        0,
        0,
        0,
        0,
        0
      ]
    }
  ]
}
