{
  "results": [
    {
      "command": "TS6",
      "mean": 1.4952434359199998,
      "stddev": 0.01683596759664532,
      "median": 1.49290316962,
      "user": 3.04395112,
      "system": 0.20120719999999997,
      "min": 1.46972254412,
      "max": 1.52642875212,
      "times": [
        1.51001525312,
        1.48577075212,
        1.49850271112,
        1.46972254412,
        1.48163429412,
        1.48287583612,
        1.5076902111200001,
        1.48730362812,
        1.52642875212,
        1.50249037712
      ],
      "memory_usage_byte": [
        676904960,
        676904960,
        676904960,
        676904960,
        676904960,
        676904960,
        676904960,
        676904960,
        676904960,
        676904960
      ],
      "exit_codes": [
        0,
        0,
        0,
        0,
        0,
        0,
        0,
        0,
        0,
        0
      ]
    },
    {
      "command": "TS7 (checkers=8)",
      "mean": 0.44074754841999997,
      "stddev": 0.00550162060410551,
      "median": 0.44112450212000004,
      "user": 1.17499172,
      "system": 0.14349389999999998,
      "min": 0.43360271112000004,
      "max": 0.45153662812000006,
      "times": [
        0.44053691912000004,
        0.43630008612000004,
        0.43360271112000004,
        0.43471779412000006,
        0.44479704412000004,
        0.45153662812000006,
        0.44505487812000005,
        0.44187796112000005,
        0.43733937712000004,
        0.44171208512000004
      ],
      "memory_usage_byte": [
        676904960,
        676904960,
        676904960,
        676904960,
        676904960,
        676904960,
        676904960,
        676904960,
        676904960,
        676904960
      ],
      "exit_codes": [
        0,
        0,
        0,
        0,
        0,
        0,
        0,
        0,
        0,
        0
      ]
    }
  ]
}
