{
  "results": [
    {
      "command": "TS6",
      "mean": 3.11912993412,
      "stddev": 0.03093838976269396,
      "median": 3.12921540592,
      "user": 6.118262960000001,
      "system": 0.43073693999999996,
      "min": 3.07015338642,
      "max": 3.15997656442,
      "times": [
        3.13561809442,
        3.14543363142,
        3.12879454142,
        3.11949290542,
        3.15997656442,
        3.1402847934199998,
        3.12963627042,
        3.07798818642,
        3.0839209674199997,
        3.07015338642
      ],
      "exit_codes": [
        0,
        0,
        0,
        0,
        0,
        0,
        0,
        0,
        0,
        0
      ]
    },
    {
      "command": "TS7 (checkers=8)",
      "mean": 0.87689407092,
      "stddev": 0.020519187435093095,
      "median": 0.8720135494200001,
      "user": 2.35549496,
      "system": 0.08541583999999999,
      "min": 0.8456964394200001,
      "max": 0.91237242842,
      "times": [
        0.85413381742,
        0.91237242842,
        0.88242233742,
        0.87200824042,
        0.86798436542,
        0.89873963142,
        0.86842758342,
        0.8456964394200001,
        0.87201885842,
        0.89513700742
      ],
      "exit_codes": [
        0,
        0,
        0,
        0,
        0,
        0,
        0,
        0,
        0,
        0
      ]
    }
  ]
}
