{
  "results": [
    {
      "command": "TS6",
      "mean": 3.1474596642600003,
      "stddev": 0.017330834487194597,
      "median": 3.15213395686,
      "user": 6.1465036600000005,
      "system": 0.4518648799999999,
      "min": 3.11909118086,
      "max": 3.16801008586,
      "times": [
        3.16458622886,
        3.15451111486,
        3.12458987186,
        3.14810016286,
        3.16240466486,
        3.16801008586,
        3.15338815786,
        3.15087975586,
        3.12903541886,
        3.11909118086
      ],
      "exit_codes": [
        0,
        0,
        0,
        0,
        0,
        0,
        0,
        0,
        0,
        0
      ]
    },
    {
      "command": "TS7 (checkers=4)",
      "mean": 0.8691410455600002,
      "stddev": 0.017296522390945875,
      "median": 0.8672299653600001,
      "user": 2.3116688599999997,
      "system": 0.08707457999999998,
      "min": 0.8490584008600001,
      "max": 0.89990143986,
      "times": [
        0.8604302488600001,
        0.8740296818600001,
        0.8777019568600001,
        0.8490584008600001,
        0.8804731668600001,
        0.8874629538600001,
        0.8579381838600001,
        0.89990143986,
        0.8540543538600001,
        0.85036006886
      ],
      "exit_codes": [
        0,
        0,
        0,
        0,
        0,
        0,
        0,
        0,
        0,
        0
      ]
    }
  ]
}
