{
  "results": [
    {
      "command": "TS7 (checkers=1)",
      "mean": 1.24601619786,
      "stddev": 0.02325375832745875,
      "median": 1.24653319256,
      "user": 2.12905064,
      "system": 0.08908574,
      "min": 1.20310242256,
      "max": 1.28536658056,
      "times": [
        1.23265401756,
        1.26708962156,
        1.2567157015600001,
        1.25936392856,
        1.28536658056,
        1.23698774056,
        1.2524997605600001,
        1.22581558056,
        1.24056662456,
        1.20310242256
      ],
      "exit_codes": [
        0,
        0,
        0,
        0,
        0,
        0,
        0,
        0,
        0,
        0
      ]
    }
  ]
}
