{
  "results": [
    {
      "command": "TS7 (checkers=8)",
      "mean": 0.40657513430000003,
      "stddev": 0.014093196061395268,
      "median": 0.4055278512,
      "user": 1.09048192,
      "system": 0.13254127999999998,
      "min": 0.3869591217,
      "max": 0.4404819137,
      "times": [
        0.3869591217,
        0.4112779967,
        0.3945563717,
        0.4062410807,
        0.4404819137,
        0.4110759967,
        0.4080479557,
        0.4048146217,
        0.4021471217,
        0.4001491627
      ],
      "memory_usage_byte": [
        427376640,
        427376640,
        427376640,
        427376640,
        427376640,
        427704320,
        427704320,
        427884544,
        427884544,
        427884544
      ],
      "exit_codes": [
        0,
        0,
        0,
        0,
        0,
        0,
        0,
        0,
        0,
        0
      ]
    }
  ]
}
