{
  "results": [
    {
      "command": "TS6",
      "mean": 1.3964559652200002,
      "stddev": 0.023042758814080733,
      "median": 1.39169174872,
      "user": 2.8777571599999994,
      "system": 0.16917258,
      "min": 1.37157070672,
      "max": 1.43771583172,
      "times": [
        1.3940992067200002,
        1.4346219157200002,
        1.3780288317200002,
        1.3866666657200002,
        1.37493491472,
        1.39231412372,
        1.37157070672,
        1.43771583172,
        1.40353808172,
        1.3910693737200002
      ],
      "memory_usage_byte": [
        678625280,
        678625280,
        678625280,
        678625280,
        678625280,
        679886848,
        679886848,
        679886848,
        679886848,
        679886848
      ],
      "exit_codes": [
        0,
        0,
        0,
        0,
        0,
        0,
        0,
        0,
        0,
        0
      ]
    }
  ]
}
