{
  "results": [
    {
      "command": "TS6",
      "mean": 1.4919210890000003,
      "stddev": 0.016600506214046188,
      "median": 1.4931168309,
      "user": 3.0437549399999995,
      "system": 0.20383279999999998,
      "min": 1.4585662679,
      "max": 1.5186542679000001,
      "times": [
        1.4585662679,
        1.4906078099000002,
        1.4834614759000002,
        1.5019222269,
        1.4774020599000002,
        1.4923693099000002,
        1.4943485599000002,
        1.5080145599,
        1.5186542679000001,
        1.4938643519
      ],
      "memory_usage_byte": [
        679149568,
        681230336,
        681230336,
        681230336,
        681230336,
        681230336,
        681230336,
        681230336,
        681230336,
        681230336
      ],
      "exit_codes": [
        0,
        0,
        0,
        0,
        0,
        0,
        0,
        0,
        0,
        0
      ]
    },
    {
      "command": "TS7 (checkers=4)",
      "mean": 0.46511272659999997,
      "stddev": 0.002552026570448458,
      "median": 0.46578633140000003,
      "user": 1.1010236399999997,
      "system": 0.12431459999999997,
      "min": 0.4607764769,
      "max": 0.4686125179,
      "times": [
        0.4680293519,
        0.4660802689,
        0.4660953929,
        0.4650445179,
        0.4686125179,
        0.4626852259,
        0.4654923939,
        0.4663098099,
        0.4620013099,
        0.4607764769
      ],
      "memory_usage_byte": [
        681230336,
        681230336,
        681230336,
        681230336,
        681230336,
        681230336,
        681230336,
        681230336,
        681230336,
        681230336
      ],
      "exit_codes": [
        0,
        0,
        0,
        0,
        0,
        0,
        0,
        0,
        0,
        0
      ]
    }
  ]
}
