{
  "results": [
    {
      "command": "TS6",
      "mean": 3.1339482716600005,
      "stddev": 0.01848912503000416,
      "median": 3.1313271773599998,
      "user": 6.13289954,
      "system": 0.44971992,
      "min": 3.10602930586,
      "max": 3.16345214486,
      "times": [
        3.16345214486,
        3.1308762678599997,
        3.13177808686,
        3.12332027286,
        3.14291740386,
        3.11928604586,
        3.10602930586,
        3.15828466086,
        3.14595374586,
        3.1175847818599998
      ],
      "exit_codes": [
        0,
        0,
        0,
        0,
        0,
        0,
        0,
        0,
        0,
        0
      ]
    },
    {
      "command": "TS7 (checkers=1)",
      "mean": 1.2334583740599998,
      "stddev": 0.023499192770455462,
      "median": 1.2302902168599998,
      "user": 2.13889674,
      "system": 0.07890032000000001,
      "min": 1.20298230386,
      "max": 1.28480253786,
      "times": [
        1.20298230386,
        1.2140166208599998,
        1.22112910086,
        1.28480253786,
        1.24034559586,
        1.24988994586,
        1.24640344786,
        1.2144337538599999,
        1.23227589886,
        1.22830453486
      ],
      "exit_codes": [
        0,
        0,
        0,
        0,
        0,
        0,
        0,
        0,
        0,
        0
      ]
    }
  ]
}
