{
  "results": [
    {
      "command": "TS7 (checkers=1)",
      "mean": 1.16434501278,
      "stddev": 0.015058407839471767,
      "median": 1.1621399550799998,
      "user": 2.03769566,
      "system": 0.07741025999999998,
      "min": 1.14210970408,
      "max": 1.19025662008,
      "times": [
        1.1583015350799999,
        1.19025662008,
        1.15564361808,
        1.1670680120799999,
        1.14210970408,
        1.14949623608,
        1.1862995730800001,
        1.16999491908,
        1.15977426608,
        1.16450564408
      ],
      "exit_codes": [
        0,
        0,
        0,
        0,
        0,
        0,
        0,
        0,
        0,
        0
      ]
    }
  ]
}
