{
  "results": [
    {
      "command": "TS7 (checkers=8)",
      "mean": 0.8440683333800001,
      "stddev": 0.02066135427652839,
      "median": 0.8449030856799999,
      "user": 2.238965,
      "system": 0.08224514000000001,
      "min": 0.81188102368,
      "max": 0.87946458568,
      "times": [
        0.87946458568,
        0.81188102368,
        0.83524988168,
        0.85418567068,
        0.84132732968,
        0.82355009868,
        0.82770673368,
        0.84847884168,
        0.86906306568,
        0.84977610268
      ],
      "exit_codes": [
        0,
        0,
        0,
        0,
        0,
        0,
        0,
        0,
        0,
        0
      ]
    }
  ]
}
