{
  "results": [
    {
      "command": "TS6",
      "mean": 3.04115641594,
      "stddev": 0.03963165664414674,
      "median": 3.05364476654,
      "user": 5.97290254,
      "system": 0.43727767999999995,
      "min": 2.98833052354,
      "max": 3.0951972795400002,
      "times": [
        3.0951972795400002,
        3.06422716054,
        2.9960528605400003,
        2.99380520354,
        3.04885699654,
        3.06822422554,
        3.0584325365400002,
        3.01460751254,
        3.08382986054,
        2.98833052354
      ],
      "exit_codes": [
        0,
        0,
        0,
        0,
        0,
        0,
        0,
        0,
        0,
        0
      ]
    }
  ]
}
