{
  "results": [
    {
      "command": "TS7 (checkers=1)",
      "mean": 0.8901593655400001,
      "stddev": 0.014399721763518246,
      "median": 0.8888808399400001,
      "user": 1.52913246,
      "system": 0.09668527999999998,
      "min": 0.87342950194,
      "max": 0.92124817294,
      "times": [
        0.8924455279400001,
        0.8752203299400001,
        0.8887169849400001,
        0.88048800394,
        0.88904469494,
        0.8851396169400001,
        0.8893126989400001,
        0.92124817294,
        0.9065481229400001,
        0.87342950194
      ],
      "exit_codes": [
        0,
        0,
        0,
        0,
        0,
        0,
        0,
        0,
        0,
        0
      ]
    }
  ]
}
