{
  "results": [
    {
      "command": "TS6",
      "mean": 1.6805296424600003,
      "stddev": 0.012332141070002989,
      "median": 1.68040790936,
      "user": 3.1242797399999995,
      "system": 0.25284937999999996,
      "min": 1.65917355536,
      "max": 1.70046693336,
      "times": [
        1.70046693336,
        1.68099935336,
        1.67606334936,
        1.66585765836,
        1.65917355536,
        1.68357600436,
        1.69534742136,
        1.68679654236,
        1.6798164653599998,
        1.67719914136
      ],
      "exit_codes": [
        0,
        0,
        0,
        0,
        0,
        0,
        0,
        0,
        0,
        0
      ]
    },
    {
      "command": "TS7 (checkers=4)",
      "mean": 0.5011819930600001,
      "stddev": 0.007857548314891718,
      "median": 0.4993151718600001,
      "user": 0.8705008399999998,
      "system": 0.061116680000000013,
      "min": 0.49260025836000004,
      "max": 0.51853215436,
      "times": [
        0.49260025836000004,
        0.5003484203599999,
        0.50617065636,
        0.50833068436,
        0.49918539936000006,
        0.49725790636000006,
        0.49944494436000003,
        0.49341781736000007,
        0.51853215436,
        0.49653168936000003
      ],
      "exit_codes": [
        0,
        0,
        0,
        0,
        0,
        0,
        0,
        0,
        0,
        0
      ]
    }
  ]
}
