{
  "results": [
    {
      "command": "TS7 (checkers=1)",
      "mean": 0.5121706804,
      "stddev": 0.005802527508331228,
      "median": 0.5117459103,
      "user": 0.73981382,
      "system": 0.056209399999999986,
      "min": 0.5039167688,
      "max": 0.5208602678,
      "times": [
        0.5158156078,
        0.5140045428000001,
        0.5203452658000001,
        0.5115441618000001,
        0.5039167688,
        0.5101116678000001,
        0.5086699268,
        0.5044909358,
        0.5119476588,
        0.5208602678
      ],
      "exit_codes": [
        0,
        0,
        0,
        0,
        0,
        0,
        0,
        0,
        0,
        0
      ]
    }
  ]
}
