{
  "results": [
    {
      "command": "TS7 (checkers=1)",
      "mean": 0.35314005326000003,
      "stddev": 0.007282793954971948,
      "median": 0.35336469496,
      "user": 0.42668717999999994,
      "system": 0.06113485999999999,
      "min": 0.34297923596,
      "max": 0.36265336196000003,
      "times": [
        0.36264781996,
        0.36265336196000003,
        0.35352619496000004,
        0.34908731996000003,
        0.35320319496,
        0.34558615296,
        0.34518594496000005,
        0.35689481996,
        0.35963648696,
        0.34297923596
      ],
      "memory_usage_byte": [
        140181504,
        140181504,
        140181504,
        140181504,
        140181504,
        140181504,
        140181504,
        140181504,
        140181504,
        140181504
      ],
      "exit_codes": [
        0,
        0,
        0,
        0,
        0,
        0,
        0,
        0,
        0,
        0
      ]
    }
  ]
}
