{
  "results": [
    {
      "command": "TS6",
      "mean": 1.67535227786,
      "stddev": 0.008360923444130666,
      "median": 1.67481880126,
      "user": 3.11008314,
      "system": 0.24525742,
      "min": 1.66392514526,
      "max": 1.69431561426,
      "times": [
        1.67459611026,
        1.67878199226,
        1.69431561426,
        1.67504149226,
        1.66559150826,
        1.67291055526,
        1.67632633026,
        1.6725921502599999,
        1.66392514526,
        1.67944188026
      ],
      "exit_codes": [
        0,
        0,
        0,
        0,
        0,
        0,
        0,
        0,
        0,
        0
      ]
    },
    {
      "command": "TS7 (checkers=1)",
      "mean": 0.5421749938599999,
      "stddev": 0.012105488102528737,
      "median": 0.54126923476,
      "user": 0.7695173399999999,
      "system": 0.05619421999999998,
      "min": 0.5224326552599999,
      "max": 0.56407388326,
      "times": [
        0.54264479726,
        0.5224326552599999,
        0.5458080212599999,
        0.53752820126,
        0.53542824526,
        0.5325764642599999,
        0.54214958126,
        0.54038888826,
        0.55871920126,
        0.56407388326
      ],
      "exit_codes": [
        0,
        0,
        0,
        0,
        0,
        0,
        0,
        0,
        0,
        0
      ]
    }
  ]
}
