{
  "results": [
    {
      "command": "TS7 (checkers=4)",
      "mean": 0.3147906333,
      "stddev": 0.002461005627044218,
      "median": 0.3151916455,
      "user": 0.44174206,
      "system": 0.06293094,
      "min": 0.309390333,
      "max": 0.317635375,
      "times": [
        0.316438583,
        0.309390333,
        0.316249542,
        0.314376541,
        0.31600675,
        0.317635375,
        0.31356045800000004,
        0.31425666700000005,
        0.312889417,
        0.317102667
      ],
      "memory_usage_byte": [
        149340160,
        149340160,
        150208512,
        150208512,
        150208512,
        150208512,
        150208512,
        150405120,
        150405120,
        150405120
      ],
      "exit_codes": [
        0,
        0,
        0,
        0,
        0,
        0,
        0,
        0,
        0,
        0
      ]
    }
  ]
}
