{
  "results": [
    {
      "command": "TS7 (checkers=1)",
      "mean": 0.40600640516,
      "stddev": 0.0054020577300249294,
      "median": 0.40555801256,
      "user": 0.5662098000000001,
      "system": 0.050952279999999996,
      "min": 0.39784839906,
      "max": 0.41475203206,
      "times": [
        0.39784839906,
        0.40535314106000003,
        0.41475203206,
        0.40820217506,
        0.40576288406,
        0.40475270906,
        0.41059603306000003,
        0.39888669706,
        0.40252965306,
        0.41138032806
      ],
      "exit_codes": [
        0,
        0,
        0,
        0,
        0,
        0,
        0,
        0,
        0,
        0
      ]
    }
  ]
}
