{
  "results": [
    {
      "command": "TS7 (checkers=4)",
      "mean": 0.38032049784000005,
      "stddev": 0.003528554194195913,
      "median": 0.38117867303999997,
      "user": 0.6414524399999999,
      "system": 0.058902319999999994,
      "min": 0.37408560454,
      "max": 0.38437382754,
      "times": [
        0.38181391354,
        0.38277600954,
        0.38362203554,
        0.37408560454,
        0.38054343254,
        0.37916683654,
        0.37452017754,
        0.38437382754,
        0.38192201954,
        0.38038112154
      ],
      "exit_codes": [
        0,
        0,
        0,
        0,
        0,
        0,
        0,
        0,
        0,
        0
      ]
    }
  ]
}
