{
  "results": [
    {
      "command": "TS6",
      "mean": 1.2474320789200004,
      "stddev": 0.02113592884961496,
      "median": 1.2454881487200002,
      "user": 2.4892467,
      "system": 0.18915324000000003,
      "min": 1.2166730597200002,
      "max": 1.2882402617200002,
      "times": [
        1.2166730597200002,
        1.22346514572,
        1.23742704072,
        1.2504198127200001,
        1.2882402617200002,
        1.2491842397200001,
        1.2534432607200001,
        1.2417920577200001,
        1.2413827637200001,
        1.27229314672
      ],
      "exit_codes": [
        0,
        0,
        0,
        0,
        0,
        0,
        0,
        0,
        0,
        0
      ]
    }
  ]
}
