{
  "results": [
    {
      "command": "TS6",
      "mean": 1.6188347059000001,
      "stddev": 0.008783796496699215,
      "median": 1.6165748618,
      "user": 3.0189744999999997,
      "system": 0.24024783999999996,
      "min": 1.6059099433000001,
      "max": 1.6375980083000001,
      "times": [
        1.6185095523000002,
        1.6059099433000001,
        1.6139370033,
        1.6175637803,
        1.6375980083000001,
        1.6155859433,
        1.6234787763,
        1.6274244873000001,
        1.6138986383,
        1.6144409263000001
      ],
      "exit_codes": [
        0,
        0,
        0,
        0,
        0,
        0,
        0,
        0,
        0,
        0
      ]
    }
  ]
}
