{
  "results": [
    {
      "command": "TS6",
      "mean": 1.6505103824599998,
      "stddev": 0.011771225001497741,
      "median": 1.65276179496,
      "user": 3.0839318,
      "system": 0.24855488,
      "min": 1.62530919346,
      "max": 1.66745912646,
      "times": [
        1.65137234146,
        1.65386279446,
        1.62530919346,
        1.65754206446,
        1.66745912646,
        1.66016897846,
        1.65272650846,
        1.64445213446,
        1.63941360146,
        1.65279708146
      ],
      "exit_codes": [
        0,
        0,
        0,
        0,
        0,
        0,
        0,
        0,
        0,
        0
      ]
    },
    {
      "command": "TS7 (checkers=8)",
      "mean": 0.4800200440600001,
      "stddev": 0.009367504832046084,
      "median": 0.48138965546,
      "user": 0.8142097999999999,
      "system": 0.05956857999999998,
      "min": 0.46422239046,
      "max": 0.49447703846,
      "times": [
        0.47843730646000004,
        0.49447703846,
        0.47533155046000003,
        0.48331967646,
        0.46684398446,
        0.46422239046,
        0.48593557346000005,
        0.48866373746,
        0.48350954846000005,
        0.47945963446000006
      ],
      "exit_codes": [
        0,
        0,
        0,
        0,
        0,
        0,
        0,
        0,
        0,
        0
      ]
    }
  ]
}
