{
  "results": [
    {
      "command": "TS6",
      "mean": 0.8400983116,
      "stddev": 0.009856172682322131,
      "median": 0.8410025953000001,
      "user": 1.62132182,
      "system": 0.12429429999999997,
      "min": 0.8262601158,
      "max": 0.8558710318,
      "times": [
        0.8294594488000001,
        0.8407733248000001,
        0.8412318658000001,
        0.8262601158,
        0.8322842408000001,
        0.8526066158000001,
        0.8429650328000001,
        0.8465899488,
        0.8558710318,
        0.8329414908
      ],
      "memory_usage_byte": [
        357072896,
        357072896,
        357072896,
        357072896,
        357072896,
        357072896,
        357072896,
        357072896,
        359038976,
        359038976
      ],
      "exit_codes": [
        0,
        0,
        0,
        0,
        0,
        0,
        0,
        0,
        0,
        0
      ]
    },
    {
      "command": "TS7 (checkers=4)",
      "mean": 0.3423922658,
      "stddev": 0.00441185506887586,
      "median": 0.3408719283,
      "user": 0.46295281999999993,
      "system": 0.0712586,
      "min": 0.3360844908,
      "max": 0.34870049080000004,
      "times": [
        0.3360844908,
        0.34839757480000005,
        0.34101049080000007,
        0.34870049080000004,
        0.34490628180000005,
        0.34620078280000005,
        0.33986011580000003,
        0.3407333658,
        0.33746236580000005,
        0.3405666988
      ],
      "memory_usage_byte": [
        359038976,
        359038976,
        359038976,
        359038976,
        359038976,
        359038976,
        359038976,
        359038976,
        359038976,
        359038976
      ],
      "exit_codes": [
        0,
        0,
        0,
        0,
        0,
        0,
        0,
        0,
        0,
        0
      ]
    }
  ]
}
