{
  "results": [
    {
      "command": "TS7 (checkers=4)",
      "mean": 0.49010782336,
      "stddev": 0.007714849363147352,
      "median": 0.49151623676,
      "user": 0.8431210999999997,
      "system": 0.06235401999999999,
      "min": 0.47542052676,
      "max": 0.5005382767600001,
      "times": [
        0.47542052676,
        0.49153304976,
        0.48213972076000006,
        0.49443304776,
        0.49432046376000005,
        0.48473215776,
        0.49149942376000005,
        0.49865494876000005,
        0.5005382767600001,
        0.48780661776
      ],
      "exit_codes": [
        0,
        0,
        0,
        0,
        0,
        0,
        0,
        0,
        0,
        0
      ]
    }
  ]
}
