{
  "results": [
    {
      "command": "TS6",
      "mean": 1.6759847802600003,
      "stddev": 0.021837472176310734,
      "median": 1.67695563106,
      "user": 3.1247757,
      "system": 0.25195552,
      "min": 1.6403306290600002,
      "max": 1.7113117290600002,
      "times": [
        1.6909311370600002,
        1.6403306290600002,
        1.66962154306,
        1.65298007206,
        1.6805240910600001,
        1.69765516806,
        1.7113117290600002,
        1.6864414870600002,
        1.67338717106,
        1.65666477506
      ],
      "exit_codes": [
        0,
        0,
        0,
        0,
        0,
        0,
        0,
        0,
        0,
        0
      ]
    }
  ]
}
