{
  "results": [
    {
      "command": "TS7 (checkers=8)",
      "mean": 0.48444434284,
      "stddev": 0.008941252794891493,
      "median": 0.48269776254,
      "user": 0.8151171999999999,
      "system": 0.06373147999999998,
      "min": 0.47236697554,
      "max": 0.49933337854000004,
      "times": [
        0.48393106354000004,
        0.49933337854000004,
        0.47236697554,
        0.47592815554,
        0.47895667154000005,
        0.48146446154,
        0.47799558454,
        0.49477358554,
        0.49394143054,
        0.48575212154
      ],
      "exit_codes": [
        0,
        0,
        0,
        0,
        0,
        0,
        0,
        0,
        0,
        0
      ]
    }
  ]
}
