{
  "results": [
    {
      "command": "TS6",
      "mean": 0.8510762133600001,
      "stddev": 0.011671389066747521,
      "median": 0.8499367090600001,
      "user": 1.6265771199999999,
      "system": 0.1244916,
      "min": 0.8361017925600001,
      "max": 0.8734609175600001,
      "times": [
        0.85711787656,
        0.8734609175600001,
        0.84969554256,
        0.8538244585600001,
        0.8439313765600001,
        0.85017787556,
        0.84234533456,
        0.8361017925600001,
        0.8393112505600001,
        0.8647957085600001
      ],
      "memory_usage_byte": [
        357842944,
        357842944,
        357842944,
        357842944,
        357842944,
        357842944,
        357842944,
        357842944,
        357842944,
        357842944
      ],
      "exit_codes": [
        0,
        0,
        0,
        0,
        0,
        0,
        0,
        0,
        0,
        0
      ]
    },
    {
      "command": "TS7 (checkers=8)",
      "mean": 0.34138583846000004,
      "stddev": 0.020511864146189517,
      "median": 0.33567466756000003,
      "user": 0.48467681999999995,
      "system": 0.07489459999999999,
      "min": 0.32989600156000004,
      "max": 0.39900000156000004,
      "times": [
        0.33682866756,
        0.32989600156000004,
        0.33452066756000004,
        0.39900000156000004,
        0.33335758456000003,
        0.33724962556000004,
        0.33325658356000004,
        0.34139300156,
        0.33698654256000005,
        0.33136970856000003
      ],
      "memory_usage_byte": [
        357842944,
        357842944,
        357842944,
        357842944,
        357842944,
        357842944,
        357842944,
        357842944,
        357842944,
        357842944
      ],
      "exit_codes": [
        0,
        0,
        0,
        0,
        0,
        0,
        0,
        0,
        0,
        0
      ]
    }
  ]
}
