{
  "results": [
    {
      "command": "TS7 (checkers=4)",
      "mean": 0.4700190986800001,
      "stddev": 0.004111580372187695,
      "median": 0.46969592668000004,
      "user": 0.8144950599999998,
      "system": 0.05836870000000001,
      "min": 0.46251420768,
      "max": 0.47828545868,
      "times": [
        0.46833577568,
        0.46820508668,
        0.47828545868,
        0.46251420768,
        0.47072622168,
        0.47350122768,
        0.46932243668,
        0.47160640068000004,
        0.47006941668,
        0.46762475468000003
      ],
      "exit_codes": [
        0,
        0,
        0,
        0,
        0,
        0,
        0,
        0,
        0,
        0
      ]
    }
  ]
}
