{
  "results": [
    {
      "command": "TS7 (checkers=1)",
      "mean": 0.53918198322,
      "stddev": 0.004165291500162282,
      "median": 0.5396104611199999,
      "user": 0.7709645999999999,
      "system": 0.059640059999999995,
      "min": 0.53237841012,
      "max": 0.54446235712,
      "times": [
        0.53237841012,
        0.5396274531199999,
        0.53349782412,
        0.54302873612,
        0.54003504112,
        0.54446235712,
        0.54424275012,
        0.53856024012,
        0.53959346912,
        0.53639355112
      ],
      "exit_codes": [
        0,
        0,
        0,
        0,
        0,
        0,
        0,
        0,
        0,
        0
      ]
    }
  ]
}
