{
  "results": [
    {
      "command": "TS7 (checkers=8)",
      "mean": 0.45754334630000004,
      "stddev": 0.00818579635891215,
      "median": 0.45782381440000003,
      "user": 0.7755992599999999,
      "system": 0.05929896,
      "min": 0.4420768899,
      "max": 0.4702818449,
      "times": [
        0.4539361119,
        0.4420768899,
        0.4599989429,
        0.4656002379,
        0.4702818449,
        0.4579642239,
        0.45617485690000004,
        0.44844625390000004,
        0.45768340490000003,
        0.46327069590000003
      ],
      "exit_codes": [
        0,
        0,
        0,
        0,
        0,
        0,
        0,
        0,
        0,
        0
      ]
    }
  ]
}
