{
  "results": [
    {
      "command": "TS6",
      "mean": 0.8387145075400001,
      "stddev": 0.011914797584681405,
      "median": 0.8401816862400001,
      "user": 1.6147502599999997,
      "system": 0.12202249999999999,
      "min": 0.8116817072400001,
      "max": 0.8506076242400001,
      "times": [
        0.8314458322400001,
        0.84398004124,
        0.8430725402400001,
        0.8502327492400001,
        0.8357317082400001,
        0.8501010412400001,
        0.8372908322400001,
        0.8116817072400001,
        0.8506076242400001,
        0.83300099924
      ],
      "memory_usage_byte": [
        356696064,
        356696064,
        356696064,
        356696064,
        356696064,
        356696064,
        356696064,
        356696064,
        356696064,
        356696064
      ],
      "exit_codes": [
        0,
        0,
        0,
        0,
        0,
        0,
        0,
        0,
        0,
        0
      ]
    },
    {
      "command": "TS7 (checkers=1)",
      "mean": 0.37882392034,
      "stddev": 0.004396494658445434,
      "median": 0.37878133323999996,
      "user": 0.43934876,
      "system": 0.0695227,
      "min": 0.37233608324,
      "max": 0.38570312424000003,
      "times": [
        0.37529891624,
        0.38570312424000003,
        0.38488304124,
        0.37233608324,
        0.38100308324,
        0.37737520824,
        0.37459874924000003,
        0.38049245724,
        0.38018745824,
        0.37636108224
      ],
      "memory_usage_byte": [
        356696064,
        356696064,
        356696064,
        356696064,
        356696064,
        356696064,
        356696064,
        356696064,
        356696064,
        356696064
      ],
      "exit_codes": [
        0,
        0,
        0,
        0,
        0,
        0,
        0,
        0,
        0,
        0
      ]
    }
  ]
}
