{
  "results": [
    {
      "command": "TS7 (checkers=8)",
      "mean": 0.3732567700200001,
      "stddev": 0.00928579558644142,
      "median": 0.37345852322,
      "user": 0.62387384,
      "system": 0.0592214,
      "min": 0.36115911522,
      "max": 0.39215394922,
      "times": [
        0.38412793622,
        0.37556622122,
        0.39215394922,
        0.36554938022,
        0.37389716322,
        0.36115911522,
        0.36704104022,
        0.37322637322,
        0.36615584822,
        0.37369067322
      ],
      "exit_codes": [
        0,
        0,
        0,
        0,
        0,
        0,
        0,
        0,
        0,
        0
      ]
    }
  ]
}
