{
  "results": [
    {
      "command": "TS6",
      "mean": 0.79782762158,
      "stddev": 0.022060689886513697,
      "median": 0.78991578418,
      "user": 1.5380279,
      "system": 0.11010346,
      "min": 0.76729334668,
      "max": 0.83160567968,
      "times": [
        0.79292263868,
        0.78280355568,
        0.7760587626800001,
        0.76729334668,
        0.81693417968,
        0.78690892968,
        0.7849598466800001,
        0.82061367968,
        0.83160567968,
        0.8181755966800001
      ],
      "memory_usage_byte": [
        352927744,
        355500032,
        355500032,
        355500032,
        355500032,
        357580800,
        357580800,
        357580800,
        357580800,
        357580800
      ],
      "exit_codes": [
        0,
        0,
        0,
        0,
        0,
        0,
        0,
        0,
        0,
        0
      ]
    }
  ]
}
