{
  "results": [
    {
      "command": "TS7 (checkers=8)",
      "mean": 0.30839999250000005,
      "stddev": 0.003049545814535452,
      "median": 0.3075284507,
      "user": 0.45190361999999995,
      "system": 0.0670535,
      "min": 0.3045907842,
      "max": 0.3135724092,
      "times": [
        0.3064576592,
        0.30754699220000004,
        0.3135724092,
        0.3075099092,
        0.3045907842,
        0.3057544922,
        0.3067350762,
        0.3093216172,
        0.30899570120000003,
        0.3135152842
      ],
      "memory_usage_byte": [
        157122560,
        157122560,
        157122560,
        157122560,
        157122560,
        157122560,
        157122560,
        157122560,
        157122560,
        157122560
      ],
      "exit_codes": [
        0,
        0,
        0,
        0,
        0,
        0,
        0,
        0,
        0,
        0
      ]
    }
  ]
}
