{
  "results": [
    {
      "command": "TS6",
      "mean": 8.051917209860001,
      "stddev": 0.11359052380124167,
      "median": 8.06238154096,
      "user": 14.428053599999998,
      "system": 0.7026589199999999,
      "min": 7.85609063546,
      "max": 8.18680306746,
      "times": [
        8.18481002846,
        8.16445626046,
        8.11291165146,
        8.18680306746,
        7.95774893746,
        7.944247706460001,
        8.04383903246,
        8.08092404946,
        7.85609063546,
        7.9873407294600005
      ],
      "exit_codes": [
        0,
        0,
        0,
        0,
        0,
        0,
        0,
        0,
        0,
        0
      ]
    }
  ]
}
