{
  "results": [
    {
      "command": "TS7 (checkers=8)",
      "mean": 3.1877966445999997,
      "stddev": 0.06442133668453609,
      "median": 3.213677921,
      "user": 11.691965639999998,
      "system": 0.23023365999999998,
      "min": 3.0374312624999997,
      "max": 3.2639639385,
      "times": [
        3.2169548414999998,
        3.1932451294999997,
        3.1866872075,
        3.2163800195,
        3.1174037814999997,
        3.2639639385,
        3.2145098355,
        3.2128460065,
        3.0374312624999997,
        3.2185444235
      ],
      "exit_codes": [
        0,
        0,
        0,
        0,
        0,
        0,
        0,
        0,
        0,
        0
      ]
    }
  ]
}
