{
  "results": [
    {
      "command": "TS7 (checkers=8)",
      "mean": 2.86347296042,
      "stddev": 0.13728201063453999,
      "median": 2.92711835292,
      "user": 10.4824653,
      "system": 0.20058933999999998,
      "min": 2.66335214792,
      "max": 2.99321688692,
      "times": [
        2.9766445079199997,
        2.97212986092,
        2.67606304592,
        2.9097197049199996,
        2.98259176292,
        2.6951692859199996,
        2.82132539992,
        2.94451700092,
        2.99321688692,
        2.66335214792
      ],
      "exit_codes": [
        0,
        0,
        0,
        0,
        0,
        0,
        0,
        0,
        0,
        0
      ]
    }
  ]
}
