{
  "results": [
    {
      "command": "TS6",
      "mean": 10.702697759580001,
      "stddev": 0.27959927214100216,
      "median": 10.697841411079999,
      "user": 18.5277426,
      "system": 0.9484161999999999,
      "min": 10.32871576958,
      "max": 11.09544903258,
      "times": [
        10.37508482458,
        10.32871576958,
        10.49506757258,
        10.511804723580001,
        10.79174075558,
        11.09544903258,
        10.93168297258,
        11.07587933258,
        10.817610545580001,
        10.60394206658
      ],
      "exit_codes": [
        0,
        0,
        0,
        0,
        0,
        0,
        0,
        0,
        0,
        0
      ]
    }
  ]
}
