{
  "results": [
    {
      "command": "TS6",
      "mean": 10.03351101878,
      "stddev": 0.048451730767135374,
      "median": 10.03332339648,
      "user": 17.605839019999998,
      "system": 0.9263731999999999,
      "min": 9.97418817048,
      "max": 10.13150205348,
      "times": [
        10.13150205348,
        10.03404422748,
        10.05054820248,
        9.97418817048,
        10.03260256548,
        10.04852509448,
        10.00431713448,
        9.994918760480001,
        10.08295167948,
        9.98151229948
      ],
      "exit_codes": [
        0,
        0,
        0,
        0,
        0,
        0,
        0,
        0,
        0,
        0
      ]
    },
    {
      "command": "TS7 (checkers=8)",
      "mean": 2.9130363417800007,
      "stddev": 0.09661981764347284,
      "median": 2.91962199798,
      "user": 10.71685052,
      "system": 0.20205249999999997,
      "min": 2.7002370644800004,
      "max": 3.0065034604800003,
      "times": [
        2.8687929394800005,
        2.87627049548,
        2.8607025664800005,
        2.9984119724800005,
        2.9934804554800003,
        2.9907212544800004,
        2.9629735004800004,
        2.7002370644800004,
        3.0065034604800003,
        2.87226970848
      ],
      "exit_codes": [
        0,
        0,
        0,
        0,
        0,
        0,
        0,
        0,
        0,
        0
      ]
    }
  ]
}
