{
  "results": [
    {
      "command": "TS7 (checkers=4)",
      "mean": 2.4936721728799998,
      "stddev": 0.06570450696849496,
      "median": 2.52034788108,
      "user": 8.96634414,
      "system": 0.18900504,
      "min": 2.31979973958,
      "max": 2.54487379558,
      "times": [
        2.54487379558,
        2.47163886858,
        2.47828534158,
        2.31979973958,
        2.52632767858,
        2.52010895558,
        2.52058680658,
        2.52930325358,
        2.49315379158,
        2.53264349758
      ],
      "exit_codes": [
        0,
        0,
        0,
        0,
        0,
        0,
        0,
        0,
        0,
        0
      ]
    }
  ]
}
