{
  "results": [
    {
      "command": "TS6",
      "mean": 10.026514246639998,
      "stddev": 0.11240075789108883,
      "median": 10.04633902744,
      "user": 17.52630092,
      "system": 0.91586984,
      "min": 9.72942415044,
      "max": 10.15019068344,
      "times": [
        9.99833928744,
        10.03821907044,
        10.02732247944,
        10.15019068344,
        10.05724951244,
        10.04895015344,
        10.07124077344,
        10.04372790144,
        10.10047845444,
        9.72942415044
      ],
      "exit_codes": [
        0,
        0,
        0,
        0,
        0,
        0,
        0,
        0,
        0,
        0
      ]
    },
    {
      "command": "TS7 (checkers=4)",
      "mean": 2.52511190404,
      "stddev": 0.0849728624904969,
      "median": 2.57942876344,
      "user": 9.032583419999998,
      "system": 0.18112673999999998,
      "min": 2.38276394344,
      "max": 2.60030363644,
      "times": [
        2.58730935244,
        2.39551926044,
        2.58214039844,
        2.58160995044,
        2.48189267544,
        2.60030363644,
        2.47074941944,
        2.59158282744,
        2.38276394344,
        2.57724757644
      ],
      "exit_codes": [
        0,
        0,
        0,
        0,
        0,
        0,
        0,
        0,
        0,
        0
      ]
    }
  ]
}
