{
  "results": [
    {
      "command": "TS6",
      "mean": 9.86601511698,
      "stddev": 0.08497933918832758,
      "median": 9.86396467118,
      "user": 17.31735788,
      "system": 0.9225296799999999,
      "min": 9.775198768180001,
      "max": 10.068337254180001,
      "times": [
        9.85364204018,
        9.84505857518,
        9.795412668180001,
        9.902423325180001,
        9.89148371818,
        9.87428730218,
        9.776303418180001,
        9.775198768180001,
        9.87800410018,
        10.068337254180001
      ],
      "exit_codes": [
        0,
        0,
        0,
        0,
        0,
        0,
        0,
        0,
        0,
        0
      ]
    }
  ]
}
