{
  "results": [
    {
      "command": "TS7 (checkers=1)",
      "mean": 1.96160357604,
      "stddev": 0.05748932417080176,
      "median": 1.9635882470400001,
      "user": 2.8819681399999997,
      "system": 0.22125911999999998,
      "min": 1.89068341304,
      "max": 2.04366491304,
      "times": [
        1.96269053904,
        2.04366491304,
        2.02415399704,
        1.9674499970400001,
        2.0354781220400002,
        1.89870470504,
        1.89068341304,
        1.9644859550400002,
        1.9057595800400002,
        1.92296453904
      ],
      "memory_usage_byte": [
        774307840,
        787513344,
        787513344,
        787513344,
        787513344,
        787513344,
        787513344,
        787513344,
        787513344,
        787513344
      ],
      "exit_codes": [
        0,
        0,
        0,
        0,
        0,
        0,
        0,
        0,
        0,
        0
      ]
    }
  ]
}
