{
  "results": [
    {
      "command": "TS6",
      "mean": 10.0447870411,
      "stddev": 0.07834173671506177,
      "median": 10.0279932034,
      "user": 17.61807556,
      "system": 0.92555356,
      "min": 9.9178907954,
      "max": 10.2044600014,
      "times": [
        10.1023112104,
        10.2044600014,
        10.0237441324,
        9.9978811724,
        10.0322422744,
        9.9178907954,
        10.0159377304,
        10.107537965399999,
        10.0529673334,
        9.9928977954
      ],
      "exit_codes": [
        0,
        0,
        0,
        0,
        0,
        0,
        0,
        0,
        0,
        0
      ]
    },
    {
      "command": "TS7 (checkers=1)",
      "mean": 3.3277810559,
      "stddev": 0.028995350045800297,
      "median": 3.3204007289,
      "user": 4.94704366,
      "system": 0.14208126,
      "min": 3.2944302464,
      "max": 3.3803649844,
      "times": [
        3.3691378424000002,
        3.3140757154,
        3.2944302464,
        3.3150268144,
        3.3116448534000003,
        3.3453146394,
        3.3803649844,
        3.2952935494,
        3.3257746434,
        3.3267472704
      ],
      "exit_codes": [
        0,
        0,
        0,
        0,
        0,
        0,
        0,
        0,
        0,
        0
      ]
    }
  ]
}
