{
  "results": [
    {
      "command": "TS7 (checkers=1)",
      "mean": 2.6235586673199998,
      "stddev": 0.05483252904347785,
      "median": 2.59608193852,
      "user": 3.92232202,
      "system": 0.16672075999999997,
      "min": 2.56803809202,
      "max": 2.70692973902,
      "times": [
        2.64772926702,
        2.6032224720199997,
        2.67668851102,
        2.70692973902,
        2.58155882402,
        2.57622187202,
        2.58297603602,
        2.56803809202,
        2.70328045502,
        2.58894140502
      ],
      "exit_codes": [
        0,
        0,
        0,
        0,
        0,
        0,
        0,
        0,
        0,
        0
      ]
    }
  ]
}
