{
  "results": [
    {
      "command": "TS7 (checkers=8)",
      "mean": 0.90152283842,
      "stddev": 0.031474869529228046,
      "median": 0.8923941136200001,
      "user": 4.717584799999999,
      "system": 0.3412919,
      "min": 0.86788969662,
      "max": 0.9672252806200001,
      "times": [
        0.9672252806200001,
        0.8967219876200001,
        0.86858011362,
        0.86788969662,
        0.8811298216200001,
        0.9338297386200001,
        0.8937676136200001,
        0.8910206136200001,
        0.92566282162,
        0.8894006966200001
      ],
      "memory_usage_byte": [
        1243561984,
        1243561984,
        1243561984,
        1243561984,
        1243561984,
        1243561984,
        1243561984,
        1245937664,
        1245937664,
        1261617152
      ],
      "exit_codes": [
        0,
        0,
        0,
        0,
        0,
        0,
        0,
        0,
        0,
        0
      ]
    }
  ]
}
