{
  "results": [
    {
      "command": "TS7 (checkers=1)",
      "mean": 3.2898180169199995,
      "stddev": 0.03717537947061595,
      "median": 3.28246466762,
      "user": 4.984047439999999,
      "system": 0.13405319999999998,
      "min": 3.2336123511199997,
      "max": 3.34190822712,
      "times": [
        3.32573521412,
        3.28076578212,
        3.26952556912,
        3.34190822712,
        3.3313522021199997,
        3.28416355312,
        3.31227907312,
        3.24108753812,
        3.27775065912,
        3.2336123511199997
      ],
      "exit_codes": [
        0,
        0,
        0,
        0,
        0,
        0,
        0,
        0,
        0,
        0
      ]
    }
  ]
}
