{
  "results": [
    {
      "command": "TS7 (checkers=8)",
      "mean": 2.2444195089,
      "stddev": 0.09990190103678163,
      "median": 2.2266123553000003,
      "user": 7.959734500000001,
      "system": 0.33035277999999996,
      "min": 2.1083726523,
      "max": 2.3738965763,
      "times": [
        2.2560835923,
        2.3365855763,
        2.3738965763,
        2.3260348413000003,
        2.1263708603,
        2.1783460133,
        2.1083726523,
        2.1971411183000003,
        2.1775613433000003,
        2.3638025153
      ],
      "exit_codes": [
        0,
        0,
        0,
        0,
        0,
        0,
        0,
        0,
        0,
        0
      ]
    }
  ]
}
