{
  "results": [
    {
      "command": "TS6",
      "mean": 5.634445187679999,
      "stddev": 0.13821084430614708,
      "median": 5.59000490068,
      "user": 10.03582948,
      "system": 0.5218793799999999,
      "min": 5.431271962179999,
      "max": 5.88484537918,
      "times": [
        5.59440133818,
        5.548049713179999,
        5.431271962179999,
        5.85686367018,
        5.88484537918,
        5.58360721318,
        5.63146154618,
        5.6566116291799995,
        5.57173096218,
        5.58560846318
      ],
      "memory_usage_byte": [
        1304559616,
        1304559616,
        1306083328,
        1306083328,
        1306083328,
        1306083328,
        1306083328,
        1306083328,
        1306083328,
        1306083328
      ],
      "exit_codes": [
        0,
        0,
        0,
        0,
        0,
        0,
        0,
        0,
        0,
        0
      ]
    },
    {
      "command": "TS7 (checkers=4)",
      "mean": 1.1556375960799998,
      "stddev": 0.029757421145806207,
      "median": 1.15523081718,
      "user": 4.358275880000001,
      "system": 0.32453877999999997,
      "min": 1.1040365881799998,
      "max": 1.21047442118,
      "times": [
        1.16274646318,
        1.13293100418,
        1.16681558718,
        1.14196392118,
        1.21047442118,
        1.1687767541799998,
        1.14771517118,
        1.18433142118,
        1.13658462918,
        1.1040365881799998
      ],
      "memory_usage_byte": [
        1306083328,
        1306083328,
        1306083328,
        1306083328,
        1306083328,
        1306083328,
        1306083328,
        1306083328,
        1306083328,
        1306083328
      ],
      "exit_codes": [
        0,
        0,
        0,
        0,
        0,
        0,
        0,
        0,
        0,
        0
      ]
    }
  ]
}
