{
  "results": [
    {
      "command": "TS6",
      "mean": 5.527055364160001,
      "stddev": 0.05924522406977599,
      "median": 5.513354443160001,
      "user": 9.91878144,
      "system": 0.50265508,
      "min": 5.45490121416,
      "max": 5.645200673160001,
      "times": [
        5.482812964160001,
        5.51584317216,
        5.58933896416,
        5.645200673160001,
        5.51660138116,
        5.50505846416,
        5.51086571416,
        5.47205479716,
        5.57787629716,
        5.45490121416
      ],
      "memory_usage_byte": [
        1290059776,
        1290059776,
        1299300352,
        1303937024,
        1303937024,
        1303937024,
        1303937024,
        1303937024,
        1307131904,
        1307131904
      ],
      "exit_codes": [
        0,
        0,
        0,
        0,
        0,
        0,
        0,
        0,
        0,
        0
      ]
    },
    {
      "command": "TS7 (checkers=8)",
      "mean": 1.02819267666,
      "stddev": 0.02149876548088788,
      "median": 1.0289972561599998,
      "user": 5.19128914,
      "system": 0.39577038,
      "min": 0.9935190471600001,
      "max": 1.06045450616,
      "times": [
        1.0014900891599998,
        0.9935190471600001,
        1.01401708916,
        1.04556092216,
        1.06045450616,
        1.0248462141599999,
        1.03968467216,
        1.0195855061599999,
        1.03314829816,
        1.0496204221599998
      ],
      "memory_usage_byte": [
        1307131904,
        1307131904,
        1307131904,
        1307131904,
        1307131904,
        1307131904,
        1307131904,
        1307131904,
        1307131904,
        1307131904
      ],
      "exit_codes": [
        0,
        0,
        0,
        0,
        0,
        0,
        0,
        0,
        0,
        0
      ]
    }
  ]
}
