{
  "results": [
    {
      "command": "TS7 (checkers=4)",
      "mean": 2.75316937388,
      "stddev": 0.07748817281499505,
      "median": 2.77420120238,
      "user": 9.91563304,
      "system": 0.21232031999999998,
      "min": 2.54645932338,
      "max": 2.80986081038,
      "times": [
        2.7748761063800003,
        2.73006649438,
        2.54645932338,
        2.74382597638,
        2.79505513338,
        2.7735262983799998,
        2.80134248238,
        2.75336139038,
        2.80986081038,
        2.80331972338
      ],
      "exit_codes": [
        0,
        0,
        0,
        0,
        0,
        0,
        0,
        0,
        0,
        0
      ]
    }
  ]
}
