{
  "results": [
    {
      "command": "TS7 (checkers=4)",
      "mean": 1.9818948789,
      "stddev": 0.05965322473081021,
      "median": 2.0047947229000003,
      "user": 6.855653799999999,
      "system": 0.27793202,
      "min": 1.8845360194,
      "max": 2.0469519564,
      "times": [
        1.9150327094,
        2.0129178964000003,
        2.0337893924,
        2.0175250484,
        1.9966715494,
        2.0282364304000002,
        2.0469519564,
        1.8845360194,
        1.9823482803999999,
        1.9009395064
      ],
      "exit_codes": [
        0,
        0,
        0,
        0,
        0,
        0,
        0,
        0,
        0,
        0
      ]
    }
  ]
}
