{
  "results": [
    {
      "command": "TS7 (checkers=4)",
      "mean": 1.0315133891000001,
      "stddev": 0.012489513904375598,
      "median": 1.0325982770000002,
      "user": 4.03705238,
      "system": 0.28713376,
      "min": 1.0084592760000002,
      "max": 1.049603027,
      "times": [
        1.049603027,
        1.0156636520000002,
        1.0438542350000002,
        1.0356206520000002,
        1.0356629430000002,
        1.0403809430000002,
        1.027007193,
        1.0295759020000002,
        1.0084592760000002,
        1.0293060680000001
      ],
      "memory_usage_byte": [
        1032585216,
        1032585216,
        1032585216,
        1032585216,
        1036779520,
        1036779520,
        1036779520,
        1036779520,
        1044152320,
        1044152320
      ],
      "exit_codes": [
        0,
        0,
        0,
        0,
        0,
        0,
        0,
        0,
        0,
        0
      ]
    }
  ]
}
