{
  "results": [
    {
      "command": "TS6",
      "mean": 5.1506469390800005,
      "stddev": 0.09632801062564732,
      "median": 5.165160789180001,
      "user": 9.303689879999999,
      "system": 0.45849317999999994,
      "min": 5.01553228918,
      "max": 5.28531499718,
      "times": [
        5.221915414180001,
        5.151188164180001,
        5.10847191418,
        5.179133414180001,
        5.26547649818,
        5.01553228918,
        5.04782670518,
        5.28531499718,
        5.19724474718,
        5.03436524718
      ],
      "memory_usage_byte": [
        1309065216,
        1309065216,
        1309065216,
        1309065216,
        1309065216,
        1311391744,
        1311391744,
        1311391744,
        1316847616,
        1316847616
      ],
      "exit_codes": [
        0,
        0,
        0,
        0,
        0,
        0,
        0,
        0,
        0,
        0
      ]
    }
  ]
}
