{
  "results": [
    {
      "command": "TS6",
      "mean": 5.60377813564,
      "stddev": 0.07934330218421766,
      "median": 5.58213786884,
      "user": 9.998173860000001,
      "system": 0.50044868,
      "min": 5.52743786984,
      "max": 5.79760728584,
      "times": [
        5.55711020184,
        5.52879603584,
        5.52743786984,
        5.6107613688399995,
        5.63004657684,
        5.57814628584,
        5.5681384528399995,
        5.65360782684,
        5.79760728584,
        5.58612945184
      ],
      "memory_usage_byte": [
        1300463616,
        1300463616,
        1300463616,
        1300463616,
        1300463616,
        1300463616,
        1301561344,
        1301561344,
        1301938176,
        1301938176
      ],
      "exit_codes": [
        0,
        0,
        0,
        0,
        0,
        0,
        0,
        0,
        0,
        0
      ]
    },
    {
      "command": "TS7 (checkers=1)",
      "mean": 2.19740363174,
      "stddev": 0.0158434077481537,
      "median": 2.19393668134,
      "user": 3.1526909599999997,
      "system": 0.25284967999999997,
      "min": 2.17243924484,
      "max": 2.21885778584,
      "times": [
        2.1941715768399996,
        2.21885778584,
        2.18340803584,
        2.21404128584,
        2.21300091084,
        2.1816936608399997,
        2.19370178584,
        2.17243924484,
        2.1924902028399997,
        2.21023182784
      ],
      "memory_usage_byte": [
        1301938176,
        1301938176,
        1301938176,
        1301938176,
        1301938176,
        1301938176,
        1301938176,
        1301938176,
        1301938176,
        1301938176
      ],
      "exit_codes": [
        0,
        0,
        0,
        0,
        0,
        0,
        0,
        0,
        0,
        0
      ]
    }
  ]
}
