{
  "results": [
    {
      "command": "TS7 (checkers=1)",
      "mean": 3.6549251672000005,
      "stddev": 0.08299048532467633,
      "median": 3.6393089748000005,
      "user": 5.3986781,
      "system": 0.14945239999999999,
      "min": 3.5542996213,
      "max": 3.7975466513,
      "times": [
        3.6213409793,
        3.6572769703000003,
        3.5542996213,
        3.5931368863,
        3.6870420693,
        3.7858388613,
        3.6064897633,
        3.6680437003,
        3.5782361693,
        3.7975466513
      ],
      "exit_codes": [
        0,
        0,
        0,
        0,
        0,
        0,
        0,
        0,
        0,
        0
      ]
    }
  ]
}
