{
  "results": [
    {
      "command": "TS6",
      "mean": 0.72254700188,
      "stddev": 0.00403933683589128,
      "median": 0.72199546828,
      "user": 1.3530838599999997,
      "system": 0.10864624,
      "min": 0.7183469062800001,
      "max": 0.73095044828,
      "times": [
        0.72181890628,
        0.72419873928,
        0.71977732228,
        0.7186249062800001,
        0.71920728128,
        0.72330998928,
        0.7221720302800001,
        0.7270634892800001,
        0.7183469062800001,
        0.73095044828
      ],
      "memory_usage_byte": [
        319553536,
        319553536,
        319553536,
        320536576,
        320536576,
        320536576,
        320536576,
        320536576,
        320536576,
        320536576
      ],
      "exit_codes": [
        0,
        0,
        0,
        0,
        0,
        0,
        0,
        0,
        0,
        0
      ]
    },
    {
      "command": "TS7 (checkers=4)",
      "mean": 0.32878468108000003,
      "stddev": 0.01373516205849248,
      "median": 0.32402819778,
      "user": 0.36431095999999996,
      "system": 0.062236139999999995,
      "min": 0.32085282228,
      "max": 0.36644890628000004,
      "times": [
        0.32240173928000004,
        0.32358853128000004,
        0.32127990628,
        0.32203703128000005,
        0.36644890628000004,
        0.33121936428000004,
        0.32459811428,
        0.33095253128,
        0.32446786428,
        0.32085282228
      ],
      "memory_usage_byte": [
        320536576,
        320536576,
        320536576,
        320536576,
        320536576,
        320536576,
        320536576,
        320536576,
        320536576,
        320536576
      ],
      "exit_codes": [
        0,
        0,
        0,
        0,
        0,
        0,
        0,
        0,
        0,
        0
      ]
    }
  ]
}
