{
  "results": [
    {
      "command": "TS6",
      "mean": 1.4075671685600002,
      "stddev": 0.020968635782386433,
      "median": 1.39930161106,
      "user": 2.5665289799999997,
      "system": 0.22802341999999998,
      "min": 1.3881898730600002,
      "max": 1.45570117106,
      "times": [
        1.4004448520600001,
        1.40112883606,
        1.45570117106,
        1.42854690106,
        1.39815837006,
        1.41949334606,
        1.39596783906,
        1.39426619706,
        1.3881898730600002,
        1.39377430006
      ],
      "exit_codes": [
        0,
        0,
        0,
        0,
        0,
        0,
        0,
        0,
        0,
        0
      ]
    },
    {
      "command": "TS7 (checkers=1)",
      "mean": 0.43800181386000003,
      "stddev": 0.0074270973916712,
      "median": 0.44069148306,
      "user": 0.5779810799999999,
      "system": 0.053153320000000004,
      "min": 0.42621967006,
      "max": 0.44669887306,
      "times": [
        0.42621967006,
        0.43148662506,
        0.43946362806,
        0.42756755906,
        0.44222086206,
        0.44640690706,
        0.44191933806,
        0.44238515906000003,
        0.43564951706,
        0.44669887306
      ],
      "exit_codes": [
        0,
        0,
        0,
        0,
        0,
        0,
        0,
        0,
        0,
        0
      ]
    }
  ]
}
