{
  "results": [
    {
      "command": "TS7 (checkers=8)",
      "mean": 0.3387852197400001,
      "stddev": 0.009014910783306978,
      "median": 0.33487391754000007,
      "user": 0.47692856,
      "system": 0.04865394,
      "min": 0.32948070154000003,
      "max": 0.36063527854,
      "times": [
        0.33289896054,
        0.33449614854000004,
        0.33525168654000004,
        0.34026454154,
        0.34181882554000004,
        0.34526354854,
        0.36063527854,
        0.33421355754000004,
        0.33352894854000004,
        0.32948070154000003
      ],
      "exit_codes": [
        0,
        0,
        0,
        0,
        0,
        0,
        0,
        0,
        0,
        0
      ]
    }
  ]
}
