{
  "results": [
    {
      "command": "TS7 (checkers=4)",
      "mean": 0.32811019521999996,
      "stddev": 0.007361245828819161,
      "median": 0.32771495672,
      "user": 0.43742498,
      "system": 0.04623972,
      "min": 0.31674208422,
      "max": 0.34083248522000004,
      "times": [
        0.34083248522000004,
        0.32223074522,
        0.32356399622000004,
        0.33431462822,
        0.32897267722,
        0.31674208422,
        0.32152450022,
        0.32645723622,
        0.33189748122,
        0.33456611822000004
      ],
      "exit_codes": [
        0,
        0,
        0,
        0,
        0,
        0,
        0,
        0,
        0,
        0
      ]
    }
  ]
}
