{
  "results": [
    {
      "command": "TS6",
      "mean": 1.44130826522,
      "stddev": 0.05800179520760063,
      "median": 1.41833636772,
      "user": 2.5970281,
      "system": 0.23410915999999998,
      "min": 1.39210412722,
      "max": 1.59015198422,
      "times": [
        1.59015198422,
        1.40546806722,
        1.4512282782200001,
        1.43026406522,
        1.40995275722,
        1.4194236362200001,
        1.41660787622,
        1.48063276122,
        1.41724909922,
        1.39210412722
      ],
      "exit_codes": [
        0,
        0,
        0,
        0,
        0,
        0,
        0,
        0,
        0,
        0
      ]
    }
  ]
}
