{
  "results": [
    {
      "command": "TS7 (checkers=8)",
      "mean": 0.43392132559999996,
      "stddev": 0.006737238803395948,
      "median": 0.4334023007000001,
      "user": 0.61629882,
      "system": 0.05712111999999999,
      "min": 0.4222434782,
      "max": 0.4489626822,
      "times": [
        0.4222434782,
        0.43648740420000004,
        0.4489626822,
        0.43333219120000005,
        0.43537607120000005,
        0.4302445132,
        0.4313035752,
        0.43347241020000005,
        0.43674821820000004,
        0.4310427122
      ],
      "exit_codes": [
        0,
        0,
        0,
        0,
        0,
        0,
        0,
        0,
        0,
        0
      ]
    }
  ]
}
