{
  "results": [
    {
      "command": "TS7 (checkers=4)",
      "mean": 0.41133653468000003,
      "stddev": 0.003768448090502629,
      "median": 0.4112136752800001,
      "user": 0.56176294,
      "system": 0.04883266,
      "min": 0.40396102328000005,
      "max": 0.41688125728000003,
      "times": [
        0.41193062128,
        0.41413119328000003,
        0.40396102328000005,
        0.41132642628000005,
        0.40872984828000003,
        0.41110092428000006,
        0.40868641928000005,
        0.41077383128000006,
        0.41688125728000003,
        0.41584380228000006
      ],
      "exit_codes": [
        0,
        0,
        0,
        0,
        0,
        0,
        0,
        0,
        0,
        0
      ]
    }
  ]
}
