{
  "results": [
    {
      "command": "TS7 (checkers=4)",
      "mean": 0.4285224215,
      "stddev": 0.005751863574708237,
      "median": 0.4291533095,
      "user": 0.5712501400000001,
      "system": 0.057136679999999995,
      "min": 0.418025435,
      "max": 0.435896518,
      "times": [
        0.42816249500000003,
        0.431898238,
        0.431877319,
        0.430144124,
        0.425071946,
        0.426125445,
        0.418025435,
        0.42231616,
        0.435896518,
        0.435706535
      ],
      "exit_codes": [
        0,
        0,
        0,
        0,
        0,
        0,
        0,
        0,
        0,
        0
      ]
    }
  ]
}
