{
  "results": [
    {
      "command": "TS6",
      "mean": 0.6761199119200001,
      "stddev": 0.013162214380840679,
      "median": 0.67457507472,
      "user": 1.2720686799999998,
      "system": 0.09111144,
      "min": 0.66086557422,
      "max": 0.69747207422,
      "times": [
        0.68112653222,
        0.67600236622,
        0.69747207422,
        0.66828719922,
        0.66086557422,
        0.67314778322,
        0.69664761622,
        0.66143028322,
        0.68085669922,
        0.66536299122
      ],
      "memory_usage_byte": [
        317751296,
        317751296,
        317751296,
        317751296,
        317751296,
        317751296,
        317751296,
        318078976,
        318078976,
        318078976
      ],
      "exit_codes": [
        0,
        0,
        0,
        0,
        0,
        0,
        0,
        0,
        0,
        0
      ]
    }
  ]
}
