{
  "results": [
    {
      "command": "TS7 (checkers=1)",
      "mean": 0.45039850804000003,
      "stddev": 0.006130041244247729,
      "median": 0.45029031164000005,
      "user": 0.5932192,
      "system": 0.0556056,
      "min": 0.44198770614000005,
      "max": 0.46326478914,
      "times": [
        0.45075826814000003,
        0.44996348514000006,
        0.44704578114000004,
        0.45120646014000004,
        0.45694151914000003,
        0.44387646414000004,
        0.44198770614000005,
        0.45061713814000004,
        0.46326478914,
        0.44832346914000004
      ],
      "exit_codes": [
        0,
        0,
        0,
        0,
        0,
        0,
        0,
        0,
        0,
        0
      ]
    }
  ]
}
