{
  "results": [
    {
      "command": "TS7 (checkers=8)",
      "mean": 0.41414172312,
      "stddev": 0.007252723269211973,
      "median": 0.41301007112000004,
      "user": 0.5880620999999999,
      "system": 0.05268798,
      "min": 0.40358847812000004,
      "max": 0.42419418812000004,
      "times": [
        0.40438978212000004,
        0.41513580012000006,
        0.42384596412000003,
        0.41384991212000005,
        0.41217023012000004,
        0.41161844512000006,
        0.42136063812,
        0.42419418812000004,
        0.41126379312000005,
        0.40358847812000004
      ],
      "exit_codes": [
        0,
        0,
        0,
        0,
        0,
        0,
        0,
        0,
        0,
        0
      ]
    }
  ]
}
