{
  "results": [
    {
      "command": "TS6",
      "mean": 1.09507730656,
      "stddev": 0.07718572244407702,
      "median": 1.05616408366,
      "user": 2.0777847599999997,
      "system": 0.16632499999999997,
      "min": 1.02820405116,
      "max": 1.24205962116,
      "times": [
        1.03605190016,
        1.03515493916,
        1.1138391431599999,
        1.24205962116,
        1.2038417961599999,
        1.14026297616,
        1.02820405116,
        1.03903047116,
        1.05003999616,
        1.0622881711599998
      ],
      "exit_codes": [
        0,
        0,
        0,
        0,
        0,
        0,
        0,
        0,
        0,
        0
      ]
    }
  ]
}
