{
  "results": [
    {
      "command": "TS6",
      "mean": 1.3870733943199998,
      "stddev": 0.008118273962659557,
      "median": 1.38690599932,
      "user": 2.5132561,
      "system": 0.22659348,
      "min": 1.37092816132,
      "max": 1.39979783532,
      "times": [
        1.38624506932,
        1.38425034932,
        1.3791107653199999,
        1.39416285632,
        1.39979783532,
        1.38619821132,
        1.37092816132,
        1.38872899832,
        1.3937447673199999,
        1.38756692932
      ],
      "exit_codes": [
        0,
        0,
        0,
        0,
        0,
        0,
        0,
        0,
        0,
        0
      ]
    },
    {
      "command": "TS7 (checkers=8)",
      "mean": 0.43060213772000006,
      "stddev": 0.004184189626211459,
      "median": 0.43079905832000004,
      "user": 0.6150186,
      "system": 0.05359258,
      "min": 0.42360680732000006,
      "max": 0.43779641832000005,
      "times": [
        0.42757536032000004,
        0.43779641832000005,
        0.42829265932000005,
        0.43310977332000006,
        0.43500352232000006,
        0.42969249432000006,
        0.42360680732000006,
        0.43190562232,
        0.42708545032000006,
        0.43195326932000006
      ],
      "exit_codes": [
        0,
        0,
        0,
        0,
        0,
        0,
        0,
        0,
        0,
        0
      ]
    }
  ]
}
