{
  "results": [
    {
      "command": "TS6",
      "mean": 1.35526258818,
      "stddev": 0.008926101326071877,
      "median": 1.35338992328,
      "user": 2.4737983399999997,
      "system": 0.20972258000000005,
      "min": 1.3434443087799999,
      "max": 1.37262422778,
      "times": [
        1.36125040878,
        1.35453821878,
        1.3434443087799999,
        1.35182786778,
        1.34770448778,
        1.35924425678,
        1.37262422778,
        1.3634016227799999,
        1.35224162778,
        1.34634885478
      ],
      "exit_codes": [
        0,
        0,
        0,
        0,
        0,
        0,
        0,
        0,
        0,
        0
      ]
    }
  ]
}
