{
  "results": [
    {
      "command": "TS6",
      "mean": 0.72049983338,
      "stddev": 0.006151785980381392,
      "median": 0.7202907456800001,
      "user": 1.3492090399999999,
      "system": 0.10545464,
      "min": 0.7107643291800001,
      "max": 0.73114253718,
      "times": [
        0.71748916318,
        0.72472545418,
        0.7155043291800001,
        0.7107643291800001,
        0.71455162118,
        0.72497474618,
        0.7252646621800001,
        0.71917699518,
        0.73114253718,
        0.72140449618
      ],
      "memory_usage_byte": [
        322174976,
        322174976,
        322174976,
        322174976,
        322174976,
        322174976,
        322174976,
        322174976,
        322174976,
        322174976
      ],
      "exit_codes": [
        0,
        0,
        0,
        0,
        0,
        0,
        0,
        0,
        0,
        0
      ]
    },
    {
      "command": "TS7 (checkers=1)",
      "mean": 0.33458055018,
      "stddev": 0.002221893339611614,
      "median": 0.33499695418000003,
      "user": 0.35810413999999996,
      "system": 0.06028244000000001,
      "min": 0.33042666318,
      "max": 0.33741974618000004,
      "times": [
        0.33339753818,
        0.33246070418,
        0.33740057918,
        0.33469982918,
        0.33529407918000004,
        0.33741974618000004,
        0.33318307918,
        0.33042666318,
        0.33572028718,
        0.33580299618000004
      ],
      "memory_usage_byte": [
        322174976,
        322174976,
        322174976,
        322174976,
        322174976,
        322174976,
        322174976,
        322174976,
        322174976,
        322174976
      ],
      "exit_codes": [
        0,
        0,
        0,
        0,
        0,
        0,
        0,
        0,
        0,
        0
      ]
    }
  ]
}
