{
  "results": [
    {
      "command": "TS7 (checkers=8)",
      "mean": 0.29951073732000005,
      "stddev": 0.004956091807803835,
      "median": 0.29824814522000004,
      "user": 0.35340066000000003,
      "system": 0.05745897999999999,
      "min": 0.29321454172000005,
      "max": 0.30875204172000004,
      "times": [
        0.29654045772000004,
        0.29999587472000006,
        0.29321454172000005,
        0.30875204172000004,
        0.30444758272000005,
        0.29555204172000005,
        0.29681708272,
        0.29563583372,
        0.29967920772000006,
        0.30447270872000004
      ],
      "memory_usage_byte": [
        110641152,
        110641152,
        110641152,
        110641152,
        110641152,
        110641152,
        110641152,
        110641152,
        110641152,
        110641152
      ],
      "exit_codes": [
        0,
        0,
        0,
        0,
        0,
        0,
        0,
        0,
        0,
        0
      ]
    }
  ]
}
