{
  "results": [
    {
      "command": "TS7 (checkers=1)",
      "mean": 0.42220285518,
      "stddev": 0.005179065606780697,
      "median": 0.42192745408000004,
      "user": 0.55624072,
      "system": 0.05046046,
      "min": 0.4149448115800001,
      "max": 0.43333508758000006,
      "times": [
        0.41910702358000007,
        0.41941256658000003,
        0.4149448115800001,
        0.43333508758000006,
        0.41770573058000005,
        0.42079984558000005,
        0.4268504925800001,
        0.42340421658000005,
        0.42305506258000003,
        0.42341371458000004
      ],
      "exit_codes": [
        0,
        0,
        0,
        0,
        0,
        0,
        0,
        0,
        0,
        0
      ]
    }
  ]
}
