{
  "results": [
    {
      "command": "TS6",
      "mean": 0.7225667240600002,
      "stddev": 0.005665113428607466,
      "median": 0.7231723993600001,
      "user": 1.3508248799999998,
      "system": 0.1084439,
      "min": 0.71399227486,
      "max": 0.7320318998600001,
      "times": [
        0.7289896068600001,
        0.71399227486,
        0.7220782738600001,
        0.7245349818600001,
        0.71908435686,
        0.7166933568600001,
        0.7320318998600001,
        0.7242665248600001,
        0.7258841908600001,
        0.7181117738600001
      ],
      "memory_usage_byte": [
        316473344,
        316473344,
        319062016,
        321159168,
        321159168,
        321159168,
        321159168,
        321159168,
        321159168,
        321159168
      ],
      "exit_codes": [
        0,
        0,
        0,
        0,
        0,
        0,
        0,
        0,
        0,
        0
      ]
    },
    {
      "command": "TS7 (checkers=8)",
      "mean": 0.31994407826,
      "stddev": 0.002624669217675553,
      "median": 0.31919608686,
      "user": 0.36917177999999995,
      "system": 0.0637534,
      "min": 0.31616873186,
      "max": 0.32454844086,
      "times": [
        0.32272269086,
        0.32276648286000004,
        0.31821981586000003,
        0.32454844086,
        0.31832606586,
        0.31992314986000003,
        0.31846902386000003,
        0.32010364886000003,
        0.31616873186,
        0.31819273186
      ],
      "memory_usage_byte": [
        321159168,
        321159168,
        321159168,
        321159168,
        321159168,
        321159168,
        321159168,
        321159168,
        321159168,
        321159168
      ],
      "exit_codes": [
        0,
        0,
        0,
        0,
        0,
        0,
        0,
        0,
        0,
        0
      ]
    }
  ]
}
