{
  "results": [
    {
      "command": "TS7 (checkers=4)",
      "mean": 0.31266429752,
      "stddev": 0.007849124376184699,
      "median": 0.31302131422,
      "user": 0.35070594,
      "system": 0.05829806,
      "min": 0.30276327222000005,
      "max": 0.32507293922,
      "times": [
        0.30943306422000005,
        0.30286164822000006,
        0.31472339722000003,
        0.30483156422,
        0.32507293922,
        0.31573235522000004,
        0.31741460522000003,
        0.32249089822000004,
        0.30276327222000005,
        0.31131923122000005
      ],
      "memory_usage_byte": [
        107036672,
        107036672,
        107036672,
        107036672,
        107036672,
        107036672,
        107036672,
        107036672,
        107036672,
        107954176
      ],
      "exit_codes": [
        0,
        0,
        0,
        0,
        0,
        0,
        0,
        0,
        0,
        0
      ]
    }
  ]
}
