{
  "results": [
    {
      "command": "TS6",
      "mean": 1.39112295224,
      "stddev": 0.007925847246797388,
      "median": 1.38796018604,
      "user": 2.5294594000000004,
      "system": 0.22653202,
      "min": 1.37971884054,
      "max": 1.40221136154,
      "times": [
        1.40135562754,
        1.38887290654,
        1.37971884054,
        1.4000019585399999,
        1.39497335854,
        1.38657796054,
        1.3841556285399998,
        1.38631441454,
        1.40221136154,
        1.38704746554
      ],
      "exit_codes": [
        0,
        0,
        0,
        0,
        0,
        0,
        0,
        0,
        0,
        0
      ]
    },
    {
      "command": "TS7 (checkers=4)",
      "mean": 0.42560614394000007,
      "stddev": 0.006274536481586339,
      "median": 0.42267567204,
      "user": 0.5812061,
      "system": 0.056569919999999996,
      "min": 0.42007778554,
      "max": 0.43756740854000004,
      "times": [
        0.42513308054000004,
        0.42112189654000004,
        0.43756740854000004,
        0.42339110954000003,
        0.42164769854000006,
        0.42007778554,
        0.42196023454000003,
        0.42090512154000004,
        0.43523579054000006,
        0.42902131354000006
      ],
      "exit_codes": [
        0,
        0,
        0,
        0,
        0,
        0,
        0,
        0,
        0,
        0
      ]
    }
  ]
}
