{
  "results": [
    {
      "command": "TS7 (checkers=1)",
      "mean": 0.33963989134,
      "stddev": 0.006582060391237165,
      "median": 0.33914339204,
      "user": 0.43964986,
      "system": 0.0442668,
      "min": 0.33194138604,
      "max": 0.35186498204,
      "times": [
        0.34146548404,
        0.34860404504000003,
        0.34099958404,
        0.33602474204,
        0.33222592004,
        0.34079658704,
        0.33749019704,
        0.33498598604,
        0.35186498204,
        0.33194138604
      ],
      "exit_codes": [
        0,
        0,
        0,
        0,
        0,
        0,
        0,
        0,
        0,
        0
      ]
    }
  ]
}
