{
  "results": [
    {
      "command": "TS7 (checkers=1)",
      "mean": 0.31589884408,
      "stddev": 0.006946065664514829,
      "median": 0.31456048568000006,
      "user": 0.33532193999999993,
      "system": 0.05661602,
      "min": 0.30715821468000004,
      "max": 0.32928592368000004,
      "times": [
        0.32928592368000004,
        0.31611113168000005,
        0.31147792368000005,
        0.32379471468000004,
        0.32131708968000006,
        0.30953750668,
        0.30715821468000004,
        0.31528729768,
        0.31383367368000004,
        0.31118496468000006
      ],
      "memory_usage_byte": [
        102793216,
        103268352,
        103268352,
        103268352,
        103268352,
        103268352,
        103268352,
        103268352,
        103268352,
        103268352
      ],
      "exit_codes": [
        0,
        0,
        0,
        0,
        0,
        0,
        0,
        0,
        0,
        0
      ]
    }
  ]
}
